proposal_id,primary_cluster,primary_ratio,secondary_cluster,secondary_ratio,tertiary_cluster,tertiary_ratio
102,3,0.5833333333333334,15,0.25,8,0.08333333333333333
1057,17,0.4583333333333333,11,0.2916666666666667,4,0.25
1063,4,0.9565217391304348,9,0.043478260869565216,-1,0.0
1084,0,0.7777777777777778,16,0.16666666666666666,9,0.05555555555555555
1093,13,0.5909090909090909,5,0.13636363636363635,11,0.09090909090909091
1095,10,0.5333333333333333,0,0.2,9,0.2
1096,16,0.5,9,0.23684210526315788,0,0.13157894736842105
1097,0,0.5384615384615384,14,0.23076923076923078,9,0.15384615384615385
1098,0,0.7777777777777778,16,0.2222222222222222,-1,0.0
1099,17,0.7619047619047619,11,0.14285714285714285,4,0.09523809523809523
1100,9,0.41379310344827586,12,0.3793103448275862,16,0.06896551724137931
1101,4,0.5238095238095238,17,0.19047619047619047,11,0.14285714285714285
1102,19,0.39285714285714285,9,0.35714285714285715,2,0.21428571428571427
1103,15,0.42857142857142855,6,0.35714285714285715,5,0.14285714285714285
1104,17,0.42857142857142855,4,0.14285714285714285,2,0.14285714285714285
1105,13,0.5454545454545454,19,0.3181818181818182,6,0.09090909090909091
1106,2,0.6785714285714286,19,0.21428571428571427,9,0.10714285714285714
1107,4,0.6428571428571429,9,0.14285714285714285,15,0.07142857142857142
1108,10,0.8888888888888888,9,0.05555555555555555,0,0.05555555555555555
1109,10,0.5714285714285714,8,0.17857142857142858,11,0.10714285714285714
1110,4,1.0,-1,0.0,-1,0.0
1112,0,0.35714285714285715,9,0.21428571428571427,14,0.14285714285714285
1113,4,0.391304347826087,11,0.21739130434782608,17,0.17391304347826086
1114,5,0.42105263157894735,13,0.3684210526315789,16,0.15789473684210525
1115,13,0.5,6,0.5,-1,0.0
1116,13,0.6111111111111112,11,0.2222222222222222,19,0.16666666666666666
1117,0,0.6842105263157895,16,0.15789473684210525,6,0.10526315789473684
1118,15,0.8333333333333334,16,0.1111111111111111,12,0.05555555555555555
1119,9,0.5,11,0.2222222222222222,16,0.1388888888888889
1120,0,0.6818181818181818,16,0.09090909090909091,15,0.09090909090909091
1121,15,0.5454545454545454,9,0.18181818181818182,6,0.13636363636363635
1122,15,0.22727272727272727,5,0.18181818181818182,11,0.18181818181818182
1123,18,0.71875,9,0.125,13,0.0625
1124,18,0.5,13,0.21428571428571427,12,0.14285714285714285
1125,14,0.6875,11,0.125,9,0.125
1126,16,0.3225806451612903,9,0.2903225806451613,2,0.1935483870967742
1127,8,0.47058823529411764,14,0.17647058823529413,18,0.11764705882352941
1128,0,0.6470588235294118,5,0.23529411764705882,16,0.058823529411764705
1129,4,0.8235294117647058,11,0.11764705882352941,16,0.058823529411764705
1130,9,0.5,6,0.2222222222222222,8,0.16666666666666666
1131,4,0.6,16,0.13333333333333333,8,0.13333333333333333
1132,13,0.5652173913043478,6,0.21739130434782608,18,0.08695652173913043
1133,13,0.7333333333333333,6,0.26666666666666666,-1,0.0
1134,13,0.5,19,0.5,-1,0.0
1135,13,0.7368421052631579,6,0.15789473684210525,11,0.10526315789473684
1136,6,0.39215686274509803,16,0.1568627450980392,19,0.1568627450980392
1137,0,0.23529411764705882,12,0.23529411764705882,8,0.23529411764705882
1138,9,0.3076923076923077,16,0.3076923076923077,0,0.19230769230769232
1139,19,0.55,9,0.3,2,0.15
1140,0,0.5555555555555556,9,0.2222222222222222,16,0.1111111111111111
1142,9,0.7333333333333333,7,0.13333333333333333,15,0.06666666666666667
1143,9,0.45,16,0.25,6,0.15
1144,1,0.4444444444444444,13,0.2777777777777778,6,0.16666666666666666
1146,13,0.6,6,0.2,11,0.13333333333333333
1148,14,0.5454545454545454,9,0.36363636363636365,6,0.045454545454545456
1150,12,0.32,15,0.24,11,0.2
1151,0,0.5172413793103449,10,0.20689655172413793,11,0.10344827586206896
1152,16,0.5,9,0.25,19,0.1875
1153,13,0.45454545454545453,18,0.2727272727272727,11,0.18181818181818182
1154,13,0.5384615384615384,19,0.46153846153846156,-1,0.0
1156,13,0.45,19,0.25,11,0.1
1173,0,0.5,16,0.35,9,0.1
1185,0,0.3333333333333333,4,0.2857142857142857,9,0.14285714285714285
1191,16,0.7307692307692307,9,0.15384615384615385,0,0.11538461538461539
1204,0,0.5652173913043478,5,0.30434782608695654,12,0.08695652173913043
1212,3,0.38461538461538464,15,0.3076923076923077,9,0.15384615384615385
1215,11,0.4897959183673469,15,0.20408163265306123,16,0.20408163265306123
1224,10,0.8181818181818182,0,0.13636363636363635,12,0.045454545454545456
1225,5,0.5263157894736842,0,0.47368421052631576,-1,0.0
1229,9,0.5555555555555556,16,0.2222222222222222,0,0.1111111111111111
1230,10,0.5,8,0.25,11,0.05
1231,16,0.7575757575757576,9,0.24242424242424243,-1,0.0
1232,16,0.5333333333333333,13,0.4,6,0.06666666666666667
1233,15,0.7575757575757576,16,0.09090909090909091,11,0.06060606060606061
1234,15,0.9166666666666666,9,0.041666666666666664,5,0.041666666666666664
1235,16,0.5416666666666666,9,0.25,0,0.20833333333333334
1236,19,0.6129032258064516,9,0.22580645161290322,2,0.12903225806451613
1237,4,0.7727272727272727,8,0.13636363636363635,11,0.045454545454545456
1239,0,0.6666666666666666,5,0.3333333333333333,-1,0.0
1240,13,0.5333333333333333,16,0.26666666666666666,6,0.13333333333333333
1241,16,0.5,9,0.4166666666666667,19,0.08333333333333333
1242,0,0.7,16,0.3,-1,0.0
1243,15,0.35294117647058826,6,0.23529411764705882,9,0.17647058823529413
1244,13,0.6363636363636364,1,0.2727272727272727,8,0.09090909090909091
1245,12,0.5789473684210527,1,0.2631578947368421,2,0.10526315789473684
1246,19,0.46153846153846156,13,0.28205128205128205,2,0.15384615384615385
1248,19,0.6153846153846154,11,0.11538461538461539,9,0.11538461538461539
1249,11,0.4444444444444444,1,0.3333333333333333,18,0.2222222222222222
1251,8,0.4666666666666667,9,0.2,16,0.13333333333333333
1252,13,0.5,19,0.25,11,0.1875
1253,5,0.5625,0,0.375,11,0.0625
1254,14,0.5,9,0.35714285714285715,5,0.07142857142857142
1256,9,0.6153846153846154,6,0.15384615384615385,11,0.07692307692307693
1259,6,0.35294117647058826,13,0.29411764705882354,16,0.23529411764705882
1260,0,0.391304347826087,8,0.2608695652173913,12,0.08695652173913043
1261,5,0.26666666666666666,14,0.2,11,0.2
1262,4,0.6842105263157895,8,0.15789473684210525,11,0.10526315789473684
1263,14,0.36363636363636365,8,0.2727272727272727,4,0.18181818181818182
1264,4,0.8333333333333334,11,0.08333333333333333,18,0.08333333333333333
1265,16,0.7777777777777778,0,0.2222222222222222,-1,0.0
1267,1,0.42105263157894735,16,0.21052631578947367,15,0.15789473684210525
1269,0,0.6551724137931034,11,0.13793103448275862,16,0.10344827586206896
1270,9,0.5714285714285714,15,0.21428571428571427,11,0.07142857142857142
1282,0,0.6818181818181818,14,0.18181818181818182,18,0.045454545454545456
1340,13,0.7297297297297297,6,0.10810810810810811,9,0.05405405405405406
1342,13,0.5384615384615384,19,0.15384615384615385,16,0.15384615384615385
1344,15,0.6923076923076923,12,0.23076923076923078,6,0.07692307692307693
1346,13,0.7727272727272727,6,0.18181818181818182,11,0.045454545454545456
1347,4,0.7272727272727273,17,0.09090909090909091,12,0.045454545454545456
1348,15,0.3125,6,0.25,9,0.1875
1349,16,0.5238095238095238,0,0.42857142857142855,9,0.047619047619047616
1350,10,0.4375,0,0.375,2,0.125
1351,4,0.75,11,0.125,1,0.125
1352,12,0.5,9,0.3181818181818182,16,0.09090909090909091
1353,4,0.6470588235294118,11,0.23529411764705882,1,0.058823529411764705
1354,0,0.5,17,0.35714285714285715,11,0.07142857142857142
1355,7,0.42857142857142855,18,0.42857142857142855,11,0.047619047619047616
1356,13,0.7142857142857143,6,0.17857142857142858,16,0.03571428571428571
1357,4,0.7777777777777778,8,0.07407407407407407,16,0.07407407407407407
1358,15,0.35294117647058826,11,0.29411764705882354,1,0.23529411764705882
1359,5,0.5714285714285714,0,0.42857142857142855,-1,0.0
1371,16,0.5217391304347826,0,0.30434782608695654,9,0.13043478260869565
1372,0,0.8125,16,0.125,5,0.0625
1387,0,0.5714285714285714,16,0.2857142857142857,11,0.14285714285714285
139,0,0.5,15,0.4444444444444444,8,0.05555555555555555
140,0,0.6,9,0.2,5,0.08
1407,0,0.3,18,0.3,7,0.3
1408,6,0.35294117647058826,13,0.29411764705882354,5,0.11764705882352941
1409,13,0.4166666666666667,6,0.3333333333333333,16,0.125
1410,0,0.5,5,0.42857142857142855,11,0.03571428571428571
1411,17,0.9047619047619048,8,0.047619047619047616,9,0.047619047619047616
1412,0,0.5555555555555556,9,0.2222222222222222,16,0.1111111111111111
1413,4,0.8461538461538461,16,0.07692307692307693,19,0.07692307692307693
1414,13,0.5263157894736842,2,0.15789473684210525,6,0.15789473684210525
1415,13,0.3181818181818182,19,0.22727272727272727,6,0.22727272727272727
1416,16,0.6896551724137931,0,0.20689655172413793,11,0.034482758620689655
1417,10,0.6666666666666666,0,0.3333333333333333,-1,0.0
1420,15,0.5454545454545454,5,0.18181818181818182,18,0.09090909090909091
1421,0,1.0,-1,0.0,-1,0.0
1422,5,0.2962962962962963,1,0.18518518518518517,11,0.14814814814814814
1423,13,0.35294117647058826,11,0.23529411764705882,12,0.23529411764705882
1424,13,0.3125,6,0.3125,16,0.25
1425,10,0.8,0,0.2,-1,0.0
1426,0,0.7058823529411765,16,0.23529411764705882,18,0.058823529411764705
1427,0,0.6666666666666666,5,0.3333333333333333,-1,0.0
1428,19,0.47368421052631576,13,0.3684210526315789,11,0.15789473684210525
1429,7,0.375,16,0.35,0,0.125
1430,5,0.5625,0,0.375,11,0.0625
1431,9,0.5333333333333333,16,0.4,2,0.06666666666666667
1432,7,0.4090909090909091,16,0.3181818181818182,9,0.18181818181818182
1434,10,0.7142857142857143,8,0.14285714285714285,18,0.08571428571428572
1437,13,0.5,1,0.1875,12,0.1875
1438,4,0.6,9,0.4,-1,0.0
1439,8,0.625,11,0.25,4,0.125
1440,13,0.42105263157894735,19,0.42105263157894735,5,0.05263157894736842
1441,9,0.42857142857142855,10,0.35714285714285715,3,0.14285714285714285
1442,13,0.5,1,0.4,11,0.1
1443,8,0.5,19,0.45454545454545453,13,0.045454545454545456
1444,13,0.38461538461538464,6,0.3076923076923077,11,0.23076923076923078
1445,13,0.7272727272727273,8,0.18181818181818182,16,0.09090909090909091
1446,13,0.5625,11,0.3125,8,0.0625
1447,12,0.6,2,0.13333333333333333,1,0.13333333333333333
1448,13,0.6,19,0.3,6,0.1
1449,13,0.6363636363636364,6,0.18181818181818182,11,0.09090909090909091
145,13,0.9,6,0.1,-1,0.0
1450,13,0.55,11,0.25,3,0.15
1451,13,0.3,19,0.3,11,0.2
1452,1,0.875,11,0.125,-1,0.0
1453,13,0.4166666666666667,8,0.375,11,0.125
1454,13,0.6153846153846154,11,0.23076923076923078,8,0.07692307692307693
1455,13,0.5,6,0.16666666666666666,19,0.16666666666666666
1456,2,0.7142857142857143,11,0.21428571428571427,6,0.07142857142857142
1457,13,0.4375,19,0.375,11,0.1875
147,0,0.5652173913043478,5,0.391304347826087,9,0.043478260869565216
1477,17,0.4782608695652174,1,0.21739130434782608,4,0.17391304347826086
148,9,0.5,19,0.2857142857142857,10,0.21428571428571427
149,0,0.7368421052631579,5,0.21052631578947367,18,0.05263157894736842
151,0,0.6666666666666666,16,0.2,6,0.06666666666666667
1519,5,0.5882352941176471,0,0.35294117647058826,9,0.058823529411764705
153,2,0.35,16,0.3,19,0.25
1538,15,0.46153846153846156,5,0.38461538461538464,16,0.07692307692307693
154,9,0.5714285714285714,19,0.14285714285714285,6,0.14285714285714285
155,8,0.6875,9,0.1875,4,0.0625
1550,14,0.6428571428571429,16,0.2857142857142857,9,0.07142857142857142
1553,5,0.35714285714285715,6,0.21428571428571427,11,0.14285714285714285
1555,13,0.5384615384615384,16,0.15384615384615385,2,0.15384615384615385
1556,5,0.35,15,0.25,0,0.15
1557,19,0.5217391304347826,9,0.34782608695652173,6,0.08695652173913043
1558,9,0.3888888888888889,16,0.2222222222222222,17,0.16666666666666666
1559,7,0.3333333333333333,18,0.3333333333333333,9,0.2
156,9,0.4375,16,0.4375,11,0.125
1561,15,0.47619047619047616,5,0.2857142857142857,6,0.09523809523809523
1562,14,0.9473684210526315,12,0.05263157894736842,-1,0.0
1564,12,0.5333333333333333,9,0.3333333333333333,2,0.13333333333333333
1565,13,0.47058823529411764,16,0.29411764705882354,2,0.17647058823529413
1566,0,0.6153846153846154,15,0.15384615384615385,9,0.15384615384615385
1567,7,0.47058823529411764,18,0.35294117647058826,16,0.17647058823529413
1568,2,0.4,16,0.3333333333333333,13,0.2
1569,13,0.7307692307692307,18,0.15384615384615385,7,0.038461538461538464
1570,4,0.9285714285714286,16,0.07142857142857142,-1,0.0
1571,15,0.6785714285714286,9,0.17857142857142858,4,0.07142857142857142
1572,0,0.4,5,0.35,9,0.1
1573,13,0.6,6,0.26666666666666666,2,0.06666666666666667
1574,5,0.2222222222222222,8,0.2222222222222222,1,0.16666666666666666
1575,15,0.8666666666666667,11,0.06666666666666667,0,0.06666666666666667
1576,6,0.4583333333333333,5,0.4166666666666667,13,0.041666666666666664
1577,6,0.3333333333333333,5,0.2777777777777778,13,0.16666666666666666
1579,7,0.45454545454545453,18,0.36363636363636365,16,0.09090909090909091
158,9,0.4666666666666667,15,0.2,16,0.13333333333333333
1580,6,0.4,5,0.35,16,0.1
1581,0,0.6111111111111112,16,0.2222222222222222,17,0.1111111111111111
1582,5,0.2777777777777778,18,0.2222222222222222,6,0.16666666666666666
1583,6,0.5454545454545454,5,0.45454545454545453,-1,0.0
1584,12,0.35294117647058826,13,0.35294117647058826,1,0.17647058823529413
1585,13,0.4666666666666667,11,0.2,2,0.13333333333333333
1587,2,0.30434782608695654,19,0.30434782608695654,9,0.21739130434782608
1588,19,0.42857142857142855,13,0.2857142857142857,11,0.14285714285714285
1589,13,0.6666666666666666,8,0.1,7,0.06666666666666667
159,17,0.6428571428571429,8,0.21428571428571427,11,0.07142857142857142
1590,5,0.5333333333333333,0,0.13333333333333333,15,0.13333333333333333
1591,13,0.4074074074074074,6,0.3333333333333333,11,0.14814814814814814
1593,0,0.5714285714285714,5,0.2857142857142857,11,0.07142857142857142
162,17,0.6,16,0.2,19,0.1
163,10,0.35294117647058826,19,0.35294117647058826,9,0.23529411764705882
1630,13,0.6363636363636364,8,0.18181818181818182,11,0.09090909090909091
1643,9,0.4444444444444444,16,0.2222222222222222,11,0.16666666666666666
1644,18,0.7142857142857143,8,0.09523809523809523,16,0.09523809523809523
1645,13,0.34782608695652173,6,0.30434782608695654,16,0.17391304347826086
1646,0,0.5714285714285714,5,0.14285714285714285,8,0.14285714285714285
1647,13,0.7619047619047619,11,0.09523809523809523,1,0.047619047619047616
1649,14,0.625,9,0.1875,16,0.125
165,0,0.9230769230769231,16,0.07692307692307693,-1,0.0
1650,0,0.6111111111111112,5,0.3333333333333333,9,0.05555555555555555
1651,5,0.6428571428571429,6,0.21428571428571427,2,0.14285714285714285
1652,13,0.9,2,0.05,9,0.05
1653,14,0.6521739130434783,9,0.17391304347826086,11,0.043478260869565216
1654,15,0.7692307692307693,11,0.07692307692307693,5,0.07692307692307693
1655,15,0.52,16,0.28,17,0.16
1656,13,0.3793103448275862,19,0.3448275862068966,11,0.20689655172413793
1657,13,0.6666666666666666,6,0.3333333333333333,-1,0.0
1658,12,0.4,13,0.3333333333333333,2,0.16666666666666666
1659,13,0.5294117647058824,19,0.47058823529411764,-1,0.0
166,13,0.8461538461538461,8,0.15384615384615385,-1,0.0
1660,12,0.29411764705882354,8,0.29411764705882354,4,0.11764705882352941
1661,8,0.65625,11,0.21875,0,0.09375
1662,18,0.4166666666666667,7,0.3333333333333333,9,0.16666666666666666
1663,13,0.4444444444444444,6,0.3888888888888889,11,0.16666666666666666
1666,0,0.5909090909090909,5,0.22727272727272727,9,0.09090909090909091
1667,16,0.4666666666666667,7,0.3333333333333333,18,0.06666666666666667
1669,12,0.52,2,0.28,9,0.12
167,9,0.42424242424242425,19,0.36363636363636365,16,0.09090909090909091
1670,5,0.631578947368421,16,0.10526315789473684,19,0.05263157894736842
1671,1,0.42857142857142855,11,0.3333333333333333,12,0.19047619047619047
1672,18,0.7391304347826086,7,0.2608695652173913,-1,0.0
1674,15,0.9166666666666666,5,0.08333333333333333,-1,0.0
168,9,0.35,15,0.2,6,0.2
1695,0,0.5882352941176471,16,0.23529411764705882,17,0.11764705882352941
172,14,0.6285714285714286,9,0.11428571428571428,16,0.08571428571428572
1728,4,0.875,12,0.0625,1,0.0625
173,0,0.8333333333333334,11,0.08333333333333333,6,0.08333333333333333
1736,7,0.5238095238095238,18,0.47619047619047616,-1,0.0
1737,18,0.7,7,0.25,9,0.05
1738,5,0.7391304347826086,6,0.08695652173913043,13,0.08695652173913043
1740,5,0.34782608695652173,6,0.2608695652173913,16,0.17391304347826086
1741,13,0.6190476190476191,16,0.14285714285714285,6,0.09523809523809523
1742,12,0.3333333333333333,2,0.25,1,0.16666666666666666
1743,5,0.4666666666666667,6,0.4,16,0.13333333333333333
1744,4,0.5217391304347826,11,0.2608695652173913,9,0.08695652173913043
1746,2,0.5625,12,0.15625,13,0.125
1747,5,0.5333333333333333,14,0.3333333333333333,12,0.13333333333333333
175,7,0.45,9,0.2,8,0.15
1750,4,0.75,11,0.15,16,0.05
1751,4,0.6,11,0.4,-1,0.0
1752,8,0.23809523809523808,5,0.19047619047619047,1,0.19047619047619047
1754,13,0.7857142857142857,9,0.10714285714285714,16,0.07142857142857142
1755,13,0.47058823529411764,6,0.23529411764705882,16,0.17647058823529413
1756,0,0.5,16,0.4375,9,0.0625
1757,4,1.0,-1,0.0,-1,0.0
1758,12,0.4444444444444444,9,0.2777777777777778,2,0.16666666666666666
1759,13,0.5,2,0.2857142857142857,8,0.14285714285714285
1763,1,0.6,13,0.24,11,0.12
178,9,0.3076923076923077,5,0.23076923076923078,19,0.15384615384615385
179,15,0.8333333333333334,9,0.1111111111111111,2,0.05555555555555555
1791,10,1.0,-1,0.0,-1,0.0
1792,9,0.5769230769230769,16,0.15384615384615385,15,0.11538461538461539
1793,6,0.4375,13,0.25,11,0.1875
1795,10,0.9,9,0.1,-1,0.0
1796,19,0.47058823529411764,13,0.29411764705882354,11,0.23529411764705882
1797,7,0.5,18,0.35,9,0.15
1798,1,0.45454545454545453,13,0.2727272727272727,18,0.18181818181818182
180,7,0.375,18,0.1875,16,0.1875
1800,12,0.42857142857142855,11,0.21428571428571427,1,0.14285714285714285
1802,0,0.4166666666666667,19,0.25,13,0.20833333333333334
1803,13,0.4375,2,0.25,11,0.1875
1804,15,0.9,16,0.1,-1,0.0
1805,8,0.4,18,0.3333333333333333,7,0.13333333333333333
1806,4,0.5333333333333333,17,0.2,11,0.13333333333333333
1807,12,0.5,9,0.35714285714285715,2,0.14285714285714285
1808,16,0.55,9,0.35,19,0.05
1813,16,0.7666666666666667,8,0.1,4,0.1
1814,12,0.44,8,0.36,16,0.16
182,9,0.6,10,0.3,19,0.1
1829,1,0.75,12,0.0625,13,0.0625
1830,3,0.3684210526315789,8,0.21052631578947367,2,0.21052631578947367
1839,6,0.46153846153846156,15,0.3076923076923077,5,0.15384615384615385
185,4,0.5,11,0.1875,9,0.125
186,15,0.7368421052631579,9,0.15789473684210525,17,0.05263157894736842
1865,15,0.5,5,0.3,6,0.15
1870,5,0.4444444444444444,15,0.2777777777777778,16,0.16666666666666666
1878,10,0.6666666666666666,8,0.2,11,0.13333333333333333
188,14,0.45,18,0.35,9,0.1
189,5,0.5,0,0.4583333333333333,9,0.041666666666666664
190,4,0.7777777777777778,9,0.2222222222222222,-1,0.0
1907,9,0.35714285714285715,16,0.2857142857142857,11,0.25
1908,13,0.5789473684210527,19,0.2631578947368421,11,0.10526315789473684
1909,2,0.8235294117647058,19,0.058823529411764705,13,0.058823529411764705
191,0,0.4666666666666667,5,0.4666666666666667,9,0.06666666666666667
1910,11,0.3333333333333333,13,0.2777777777777778,18,0.2777777777777778
1911,2,0.4883720930232558,13,0.3953488372093023,16,0.06976744186046512
1912,5,0.4897959183673469,15,0.24489795918367346,14,0.14285714285714285
1913,3,0.5,17,0.16666666666666666,2,0.125
1914,0,0.6153846153846154,5,0.15384615384615385,11,0.07692307692307693
1915,9,0.5217391304347826,11,0.21739130434782608,6,0.13043478260869565
1916,17,0.5882352941176471,4,0.17647058823529413,8,0.11764705882352941
1917,12,0.5625,9,0.4375,-1,0.0
1918,2,0.5714285714285714,3,0.35714285714285715,16,0.07142857142857142
1919,7,0.4375,18,0.25,16,0.1875
192,7,0.42105263157894735,16,0.21052631578947367,18,0.15789473684210525
1920,8,0.3333333333333333,16,0.3333333333333333,9,0.3333333333333333
1921,0,0.9375,16,0.0625,-1,0.0
1922,8,0.3076923076923077,18,0.23076923076923078,9,0.23076923076923078
1923,2,0.5,12,0.2777777777777778,8,0.1111111111111111
1925,14,0.7272727272727273,16,0.18181818181818182,9,0.09090909090909091
1926,11,0.26666666666666666,8,0.26666666666666666,16,0.2
1927,15,0.7647058823529411,16,0.11764705882352941,6,0.058823529411764705
1928,0,0.8888888888888888,11,0.07407407407407407,16,0.037037037037037035
1929,3,0.42105263157894735,2,0.42105263157894735,11,0.05263157894736842
1930,13,0.5,1,0.25,12,0.25
1931,0,0.3157894736842105,8,0.2631578947368421,9,0.15789473684210525
1932,4,0.9,11,0.1,-1,0.0
1933,17,0.5625,6,0.1875,11,0.125
1934,2,0.6818181818181818,12,0.22727272727272727,15,0.045454545454545456
1935,13,0.2857142857142857,3,0.23809523809523808,2,0.14285714285714285
1936,18,0.5555555555555556,11,0.3333333333333333,13,0.1111111111111111
1937,13,0.42857142857142855,12,0.42857142857142855,1,0.14285714285714285
1938,15,0.5333333333333333,5,0.3333333333333333,6,0.06666666666666667
1939,14,0.4666666666666667,5,0.4666666666666667,12,0.06666666666666667
194,17,0.7,6,0.1,8,0.1
1940,5,0.55,15,0.3,6,0.15
1942,2,0.6153846153846154,12,0.38461538461538464,-1,0.0
1943,15,0.5,5,0.3888888888888889,6,0.05555555555555555
1944,15,0.5882352941176471,5,0.23529411764705882,16,0.11764705882352941
1945,4,0.6153846153846154,8,0.23076923076923078,11,0.07692307692307693
1947,15,0.7894736842105263,9,0.15789473684210525,6,0.05263157894736842
1948,2,0.6956521739130435,12,0.21739130434782608,9,0.043478260869565216
1949,15,0.4074074074074074,5,0.3333333333333333,6,0.07407407407407407
195,19,0.43478260869565216,9,0.34782608695652173,2,0.17391304347826086
1950,4,0.5217391304347826,11,0.2608695652173913,9,0.08695652173913043
1951,9,0.6296296296296297,11,0.1111111111111111,19,0.1111111111111111
1952,13,0.7142857142857143,2,0.14285714285714285,9,0.14285714285714285
1953,5,0.47368421052631576,6,0.3684210526315789,15,0.15789473684210525
1954,2,0.6428571428571429,11,0.21428571428571427,6,0.07142857142857142
1957,2,0.75,12,0.08333333333333333,1,0.08333333333333333
1964,10,0.6296296296296297,8,0.25925925925925924,16,0.1111111111111111
1966,10,0.4583333333333333,4,0.20833333333333334,8,0.16666666666666666
197,6,0.35714285714285715,9,0.32142857142857145,5,0.17857142857142858
1971,18,0.9259259259259259,13,0.07407407407407407,-1,0.0
1977,2,0.782608695652174,6,0.08695652173913043,13,0.043478260869565216
1979,10,0.7,8,0.25,9,0.05
1980,11,0.3157894736842105,16,0.21052631578947367,13,0.15789473684210525
1983,3,0.4166666666666667,1,0.25,16,0.16666666666666666
1985,3,0.43478260869565216,2,0.2608695652173913,15,0.13043478260869565
199,15,0.6875,9,0.15625,2,0.0625
1992,16,0.4375,0,0.3125,9,0.25
1993,4,0.7142857142857143,11,0.2857142857142857,-1,0.0
1994,13,0.6538461538461539,6,0.11538461538461539,16,0.07692307692307693
1995,18,0.5714285714285714,13,0.19047619047619047,8,0.19047619047619047
1996,0,0.5555555555555556,5,0.4444444444444444,-1,0.0
1997,5,0.6,0,0.4,-1,0.0
1998,13,0.75,1,0.16666666666666666,11,0.08333333333333333
1999,15,0.7619047619047619,2,0.09523809523809523,9,0.09523809523809523
200,14,0.8333333333333334,9,0.08333333333333333,16,0.041666666666666664
2000,16,0.5454545454545454,9,0.36363636363636365,19,0.09090909090909091
2001,9,0.6666666666666666,16,0.25,2,0.08333333333333333
2002,18,1.0,-1,0.0,-1,0.0
2003,2,0.7391304347826086,12,0.13043478260869565,0,0.043478260869565216
201,19,0.625,2,0.1875,9,0.125
2011,0,0.7857142857142857,10,0.14285714285714285,11,0.07142857142857142
2015,2,0.5454545454545454,11,0.18181818181818182,16,0.18181818181818182
2019,2,0.6,12,0.2,13,0.2
202,0,0.8095238095238095,5,0.19047619047619047,-1,0.0
2024,15,0.4230769230769231,5,0.3076923076923077,6,0.11538461538461539
204,10,0.5,0,0.5,-1,0.0
2041,15,0.6086956521739131,11,0.17391304347826086,0,0.17391304347826086
2052,2,0.5217391304347826,9,0.17391304347826086,16,0.13043478260869565
2053,16,0.5333333333333333,9,0.4666666666666667,-1,0.0
2057,5,0.47058823529411764,0,0.23529411764705882,11,0.17647058823529413
2058,12,0.375,11,0.15625,1,0.15625
2059,2,0.5483870967741935,12,0.1935483870967742,6,0.12903225806451613
2060,10,1.0,-1,0.0,-1,0.0
2062,18,0.72,13,0.2,6,0.04
2063,2,0.5,12,0.4444444444444444,6,0.05555555555555555
2065,5,0.48,6,0.36,13,0.12
2066,2,0.6086956521739131,12,0.21739130434782608,0,0.08695652173913043
2068,9,0.3333333333333333,15,0.26666666666666666,5,0.13333333333333333
2069,10,0.5882352941176471,0,0.35294117647058826,11,0.058823529411764705
207,7,0.45454545454545453,16,0.13636363636363635,5,0.13636363636363635
2071,16,0.6,8,0.4,-1,0.0
2075,16,0.5263157894736842,7,0.15789473684210525,9,0.15789473684210525
2083,5,0.42105263157894735,0,0.2631578947368421,16,0.15789473684210525
209,14,0.5172413793103449,9,0.2413793103448276,16,0.06896551724137931
2095,0,0.6666666666666666,16,0.2777777777777778,9,0.05555555555555555
2097,16,0.5294117647058824,0,0.35294117647058826,11,0.11764705882352941
2098,2,0.7857142857142857,19,0.14285714285714285,11,0.07142857142857142
2099,13,0.7058823529411765,8,0.11764705882352941,6,0.058823529411764705
2100,0,0.6428571428571429,11,0.14285714285714285,5,0.07142857142857142
2102,2,0.4666666666666667,12,0.3333333333333333,8,0.13333333333333333
2103,13,0.3888888888888889,3,0.25,6,0.19444444444444445
2104,18,0.5,7,0.45,9,0.05
2105,0,0.36363636363636365,16,0.36363636363636365,5,0.18181818181818182
2107,1,0.43478260869565216,12,0.13043478260869565,9,0.13043478260869565
2108,7,0.6666666666666666,18,0.2222222222222222,16,0.05555555555555555
211,0,0.4444444444444444,16,0.3888888888888889,19,0.05555555555555555
2110,8,0.375,16,0.25,19,0.125
2116,4,0.7142857142857143,17,0.23809523809523808,2,0.047619047619047616
212,0,0.8,9,0.1,11,0.05
2126,16,0.5294117647058824,0,0.35294117647058826,11,0.11764705882352941
2129,16,0.5263157894736842,7,0.15789473684210525,9,0.15789473684210525
2133,8,0.375,4,0.1875,16,0.125
2148,8,0.5,12,0.25,1,0.1
215,0,0.5454545454545454,17,0.22727272727272727,18,0.09090909090909091
2157,18,0.8888888888888888,11,0.07407407407407407,14,0.037037037037037035
2159,10,0.5833333333333334,16,0.16666666666666666,5,0.125
216,4,0.5555555555555556,11,0.2222222222222222,1,0.1111111111111111
2175,0,0.4,16,0.25,15,0.2
219,0,0.5333333333333333,17,0.2,11,0.13333333333333333
2194,1,0.4375,11,0.3125,2,0.125
2195,13,0.6363636363636364,19,0.36363636363636365,-1,0.0
2196,9,0.38461538461538464,19,0.3076923076923077,18,0.07692307692307693
2197,4,0.625,8,0.25,16,0.0625
2198,3,0.7142857142857143,16,0.10714285714285714,13,0.10714285714285714
2199,3,0.43478260869565216,16,0.17391304347826086,17,0.17391304347826086
2200,8,0.30434782608695654,17,0.2608695652173913,4,0.2608695652173913
2202,15,0.7619047619047619,17,0.09523809523809523,16,0.09523809523809523
2203,15,0.6,17,0.25,9,0.1
2204,1,0.46153846153846156,13,0.3076923076923077,12,0.23076923076923078
2205,12,0.7368421052631579,13,0.10526315789473684,1,0.10526315789473684
2207,5,0.64,0,0.24,16,0.04
2208,16,0.5,8,0.23076923076923078,18,0.15384615384615385
221,8,0.2727272727272727,19,0.2727272727272727,13,0.18181818181818182
2210,8,0.47058823529411764,10,0.47058823529411764,6,0.058823529411764705
2212,0,0.5,16,0.25,14,0.08333333333333333
2214,8,0.375,16,0.3125,6,0.1875
2216,16,0.3333333333333333,6,0.3333333333333333,0,0.16666666666666666
2218,6,0.46153846153846156,5,0.23076923076923078,0,0.15384615384615385
2219,1,0.43478260869565216,12,0.30434782608695654,9,0.21739130434782608
222,0,0.8571428571428571,6,0.07142857142857142,16,0.07142857142857142
2220,2,0.9166666666666666,11,0.08333333333333333,-1,0.0
2222,2,0.6,16,0.3333333333333333,6,0.06666666666666667
2223,9,0.3125,2,0.3125,11,0.125
2224,13,0.6363636363636364,18,0.18181818181818182,11,0.09090909090909091
2225,6,0.4444444444444444,5,0.2777777777777778,13,0.16666666666666666
2226,2,0.3333333333333333,4,0.2,15,0.2
2227,13,0.3076923076923077,11,0.23076923076923078,2,0.23076923076923078
2228,13,0.47368421052631576,3,0.3157894736842105,6,0.05263157894736842
2229,5,0.7619047619047619,13,0.23809523809523808,-1,0.0
223,0,0.6428571428571429,16,0.21428571428571427,5,0.07142857142857142
2230,3,0.7272727272727273,16,0.18181818181818182,6,0.09090909090909091
2231,13,0.6153846153846154,11,0.23076923076923078,18,0.07692307692307693
2232,15,0.5555555555555556,11,0.2777777777777778,13,0.1111111111111111
2233,3,0.47058823529411764,13,0.29411764705882354,11,0.17647058823529413
2234,7,0.42105263157894735,18,0.42105263157894735,11,0.10526315789473684
224,18,0.5,0,0.17857142857142858,7,0.14285714285714285
2241,2,0.5,12,0.4166666666666667,13,0.08333333333333333
2253,16,0.45454545454545453,13,0.18181818181818182,2,0.18181818181818182
2261,18,0.7333333333333333,13,0.13333333333333333,11,0.06666666666666667
2264,16,0.22727272727272727,19,0.18181818181818182,9,0.13636363636363635
2273,6,0.35294117647058826,9,0.23529411764705882,5,0.17647058823529413
2274,13,0.6666666666666666,1,0.2,11,0.06666666666666667
2276,12,0.36585365853658536,1,0.24390243902439024,2,0.14634146341463414
2277,18,0.7777777777777778,8,0.1111111111111111,16,0.1111111111111111
2278,1,0.5333333333333333,12,0.4,13,0.06666666666666667
2279,19,0.38095238095238093,13,0.23809523809523808,11,0.23809523809523808
2281,1,0.2631578947368421,16,0.21052631578947367,15,0.21052631578947367
2282,1,0.6363636363636364,13,0.18181818181818182,11,0.09090909090909091
2284,4,0.25,6,0.20833333333333334,11,0.125
2285,18,0.6666666666666666,8,0.2,7,0.06666666666666667
2287,1,0.3,16,0.3,13,0.2
2288,13,0.6,19,0.26666666666666666,16,0.13333333333333333
2289,3,0.47619047619047616,15,0.38095238095238093,9,0.09523809523809523
2291,19,0.3684210526315789,8,0.15789473684210525,16,0.15789473684210525
2292,3,0.4375,17,0.3125,11,0.1875
230,0,0.6190476190476191,16,0.2857142857142857,6,0.09523809523809523
231,14,0.6521739130434783,9,0.21739130434782608,11,0.08695652173913043
232,0,0.5217391304347826,16,0.43478260869565216,11,0.043478260869565216
233,13,0.4444444444444444,1,0.3333333333333333,12,0.2222222222222222
2338,0,0.5625,5,0.125,11,0.0625
234,0,0.4166666666666667,4,0.3333333333333333,16,0.16666666666666666
2347,16,0.625,6,0.1875,11,0.125
2348,3,0.35714285714285715,13,0.2857142857142857,11,0.2857142857142857
2349,12,0.42857142857142855,1,0.2857142857142857,2,0.21428571428571427
235,14,0.7142857142857143,9,0.21428571428571427,10,0.07142857142857142
2350,3,0.5263157894736842,13,0.2631578947368421,2,0.15789473684210525
2351,13,0.3,16,0.3,6,0.3
2352,2,0.5909090909090909,16,0.22727272727272727,8,0.09090909090909091
2354,1,0.3076923076923077,8,0.23076923076923078,17,0.19230769230769232
2355,1,0.43478260869565216,12,0.30434782608695654,9,0.21739130434782608
2356,2,0.38461538461538464,13,0.19230769230769232,6,0.19230769230769232
2357,18,0.4375,13,0.25,11,0.25
2359,17,0.6111111111111112,9,0.16666666666666666,4,0.1111111111111111
236,0,0.6666666666666666,17,0.16666666666666666,16,0.1111111111111111
2360,13,0.3333333333333333,1,0.3333333333333333,12,0.2222222222222222
2361,1,0.45454545454545453,13,0.18181818181818182,11,0.18181818181818182
2362,18,0.47058823529411764,13,0.4117647058823529,2,0.058823529411764705
2363,13,0.5714285714285714,18,0.3333333333333333,16,0.047619047619047616
2364,13,0.8823529411764706,6,0.058823529411764705,1,0.058823529411764705
2365,18,0.6956521739130435,13,0.2608695652173913,16,0.043478260869565216
2366,18,0.6875,13,0.21875,4,0.03125
2367,16,0.6428571428571429,8,0.2857142857142857,11,0.07142857142857142
2368,2,0.4666666666666667,1,0.26666666666666666,12,0.13333333333333333
2369,14,0.5294117647058824,11,0.17647058823529413,16,0.11764705882352941
2370,18,0.4583333333333333,7,0.4166666666666667,11,0.041666666666666664
2371,7,0.5833333333333334,18,0.3333333333333333,12,0.08333333333333333
2372,13,0.6818181818181818,6,0.13636363636363635,5,0.09090909090909091
2373,2,0.5789473684210527,13,0.21052631578947367,1,0.10526315789473684
2376,12,0.45454545454545453,9,0.2727272727272727,2,0.18181818181818182
238,13,0.625,1,0.25,16,0.0625
2397,13,0.4444444444444444,6,0.2222222222222222,8,0.1111111111111111
2401,12,0.5789473684210527,1,0.15789473684210525,9,0.15789473684210525
2402,8,0.4444444444444444,11,0.3888888888888889,4,0.1111111111111111
2403,12,0.45454545454545453,2,0.36363636363636365,13,0.18181818181818182
2404,18,0.4827586206896552,13,0.2413793103448276,11,0.2413793103448276
2405,12,0.3333333333333333,1,0.2777777777777778,2,0.2222222222222222
2406,13,0.46153846153846156,2,0.34615384615384615,16,0.07692307692307693
2407,1,0.5333333333333333,12,0.26666666666666666,11,0.13333333333333333
2408,13,0.7083333333333334,18,0.1388888888888889,16,0.06944444444444445
2409,9,0.8235294117647058,0,0.11764705882352941,2,0.058823529411764705
241,0,0.9333333333333333,16,0.06666666666666667,-1,0.0
242,9,0.5,14,0.4375,11,0.0625
2437,15,0.5714285714285714,16,0.14285714285714285,17,0.09523809523809523
244,9,0.5294117647058824,19,0.29411764705882354,2,0.11764705882352941
2455,13,0.42857142857142855,11,0.2857142857142857,18,0.14285714285714285
246,15,0.6666666666666666,16,0.16666666666666666,11,0.05555555555555555
248,0,0.7142857142857143,17,0.2857142857142857,-1,0.0
2489,2,1.0,-1,0.0,-1,0.0
249,18,0.5,0,0.3125,15,0.1875
2493,2,0.7142857142857143,12,0.2857142857142857,-1,0.0
250,9,0.5,19,0.25,16,0.25
2500,4,0.7692307692307693,11,0.07692307692307693,8,0.07692307692307693
2502,2,0.5714285714285714,12,0.2857142857142857,13,0.09523809523809523
2506,16,0.5238095238095238,8,0.3333333333333333,2,0.09523809523809523
251,5,0.6666666666666666,0,0.3333333333333333,-1,0.0
2511,12,0.46153846153846156,1,0.38461538461538464,8,0.07692307692307693
2515,7,0.7058823529411765,18,0.17647058823529413,11,0.058823529411764705
2516,18,0.5517241379310345,7,0.27586206896551724,16,0.10344827586206896
2517,15,0.7777777777777778,8,0.1111111111111111,9,0.1111111111111111
2518,14,0.8125,9,0.125,16,0.0625
2519,2,0.7272727272727273,12,0.18181818181818182,13,0.09090909090909091
252,0,0.8,11,0.06666666666666667,17,0.06666666666666667
2520,2,0.5555555555555556,12,0.4444444444444444,-1,0.0
2523,2,0.75,12,0.25,-1,0.0
2524,3,0.75,18,0.1,13,0.1
2525,4,0.8333333333333334,11,0.08333333333333333,8,0.08333333333333333
2526,2,0.55,3,0.3,13,0.1
2527,15,0.38461538461538464,0,0.3076923076923077,16,0.15384615384615385
2528,12,0.5882352941176471,2,0.29411764705882354,1,0.058823529411764705
2529,3,0.7142857142857143,12,0.09523809523809523,6,0.047619047619047616
2530,18,0.47368421052631576,11,0.21052631578947367,13,0.15789473684210525
2531,12,0.3870967741935484,1,0.2903225806451613,11,0.12903225806451613
2532,2,0.4444444444444444,13,0.2,16,0.13333333333333333
2533,2,0.7857142857142857,12,0.14285714285714285,19,0.07142857142857142
2534,16,0.5555555555555556,13,0.3333333333333333,2,0.1111111111111111
2535,13,0.6086956521739131,16,0.17391304347826086,6,0.08695652173913043
2536,13,0.47368421052631576,1,0.2631578947368421,18,0.15789473684210525
2537,13,0.6666666666666666,19,0.25,16,0.041666666666666664
2538,1,0.4666666666666667,13,0.26666666666666666,12,0.2
2539,3,0.6875,11,0.125,6,0.125
254,0,0.7692307692307693,11,0.07692307692307693,9,0.07692307692307693
2540,18,0.46153846153846156,7,0.3076923076923077,9,0.11538461538461539
2541,8,0.5384615384615384,11,0.3076923076923077,4,0.15384615384615385
2542,3,0.5555555555555556,2,0.2222222222222222,13,0.16666666666666666
2543,8,0.375,9,0.25,13,0.125
2544,17,0.8,12,0.2,-1,0.0
2545,19,0.4583333333333333,13,0.375,3,0.08333333333333333
2546,16,0.5,9,0.3333333333333333,15,0.08333333333333333
2548,4,0.46153846153846156,8,0.4230769230769231,13,0.038461538461538464
2549,1,0.4666666666666667,13,0.4,11,0.06666666666666667
255,0,0.4166666666666667,1,0.16666666666666666,12,0.16666666666666666
2550,5,0.4230769230769231,15,0.2692307692307692,9,0.07692307692307693
2551,12,0.42857142857142855,2,0.2857142857142857,1,0.19047619047619047
2552,13,0.9,11,0.1,-1,0.0
2553,15,0.6326530612244898,6,0.12244897959183673,9,0.12244897959183673
2554,1,0.6923076923076923,11,0.15384615384615385,12,0.07692307692307693
2555,4,0.5416666666666666,1,0.20833333333333334,11,0.16666666666666666
2556,2,0.9,19,0.1,-1,0.0
2557,16,0.47058823529411764,8,0.29411764705882354,11,0.058823529411764705
2558,2,0.7,19,0.25,16,0.05
2559,12,0.42105263157894735,2,0.3684210526315789,1,0.21052631578947367
256,19,0.42857142857142855,9,0.2857142857142857,4,0.14285714285714285
2560,3,0.42105263157894735,13,0.2631578947368421,11,0.15789473684210525
2561,5,0.3684210526315789,12,0.3157894736842105,1,0.15789473684210525
2562,15,1.0,-1,0.0,-1,0.0
2563,18,0.42857142857142855,8,0.35714285714285715,4,0.07142857142857142
2564,11,0.5,4,0.2,12,0.15
2565,13,0.25,1,0.19444444444444445,11,0.16666666666666666
2566,1,0.45454545454545453,13,0.2727272727272727,11,0.18181818181818182
2567,1,0.375,13,0.3125,2,0.1875
2568,2,0.6875,3,0.25,13,0.0625
257,13,0.3125,8,0.3125,5,0.25
2570,16,0.42857142857142855,13,0.2857142857142857,6,0.14285714285714285
2571,3,0.5652173913043478,11,0.13043478260869565,2,0.13043478260869565
2572,2,0.45454545454545453,12,0.18181818181818182,16,0.09090909090909091
2573,4,0.6086956521739131,6,0.30434782608695654,11,0.08695652173913043
2574,2,0.75,13,0.125,11,0.0625
2575,3,0.42857142857142855,2,0.35714285714285715,13,0.14285714285714285
2576,19,0.5,13,0.25,3,0.1875
2577,13,0.3333333333333333,16,0.25,5,0.25
2578,3,0.65,13,0.15,2,0.1
2579,13,0.7142857142857143,6,0.21428571428571427,19,0.07142857142857142
2580,19,0.42857142857142855,13,0.21428571428571427,4,0.07142857142857142
2581,16,0.38095238095238093,15,0.23809523809523808,0,0.19047619047619047
259,0,0.6153846153846154,15,0.15384615384615385,11,0.07692307692307693
26,16,0.25,0,0.20833333333333334,11,0.16666666666666666
260,7,0.4444444444444444,18,0.2222222222222222,9,0.16666666666666666
2609,10,0.2608695652173913,5,0.21739130434782608,8,0.17391304347826086
261,0,0.7391304347826086,11,0.17391304347826086,16,0.043478260869565216
2610,13,0.6470588235294118,6,0.23529411764705882,16,0.11764705882352941
2611,4,0.375,12,0.1875,1,0.1875
2612,8,0.47058823529411764,11,0.23529411764705882,2,0.17647058823529413
2613,13,0.375,1,0.375,6,0.1875
2614,2,0.5789473684210527,1,0.21052631578947367,11,0.21052631578947367
2615,2,0.4,13,0.25,12,0.25
2616,1,0.375,13,0.3125,6,0.125
2617,13,0.42857142857142855,11,0.2857142857142857,19,0.14285714285714285
262,0,0.5,9,0.14285714285714285,11,0.14285714285714285
2621,2,0.43478260869565216,11,0.2608695652173913,13,0.17391304347826086
2626,1,0.6153846153846154,12,0.15384615384615385,18,0.07692307692307693
2629,13,0.36363636363636365,18,0.36363636363636365,11,0.09090909090909091
263,4,0.6428571428571429,2,0.2857142857142857,11,0.07142857142857142
2630,10,0.75,14,0.25,-1,0.0
2631,1,0.25,11,0.2,12,0.2
2634,4,0.42857142857142855,9,0.2857142857142857,11,0.10714285714285714
2635,13,0.5625,2,0.1875,19,0.0625
264,9,0.5238095238095238,10,0.2857142857142857,16,0.09523809523809523
265,4,0.6666666666666666,0,0.25,16,0.08333333333333333
266,0,0.6,2,0.2,16,0.13333333333333333
267,13,0.8181818181818182,1,0.18181818181818182,-1,0.0
268,0,0.7619047619047619,12,0.09523809523809523,2,0.09523809523809523
2680,18,0.4375,13,0.25,6,0.1875
2681,13,0.5652173913043478,19,0.30434782608695654,16,0.08695652173913043
2682,13,0.625,6,0.3125,16,0.0625
2683,10,0.5882352941176471,13,0.23529411764705882,19,0.058823529411764705
2685,13,0.3103448275862069,3,0.27586206896551724,11,0.1724137931034483
2686,16,0.4090909090909091,9,0.36363636363636365,2,0.13636363636363635
2687,5,0.5833333333333334,13,0.20833333333333334,16,0.08333333333333333
2688,15,0.6666666666666666,9,0.14285714285714285,6,0.09523809523809523
2689,3,0.5833333333333334,11,0.25,6,0.16666666666666666
269,15,0.38461538461538464,6,0.15384615384615385,9,0.15384615384615385
2690,2,0.5555555555555556,16,0.3888888888888889,19,0.05555555555555555
2691,2,0.7586206896551724,11,0.10344827586206896,13,0.10344827586206896
270,13,0.4117647058823529,16,0.29411764705882354,12,0.11764705882352941
271,0,0.7272727272727273,9,0.18181818181818182,13,0.09090909090909091
272,7,0.46153846153846156,18,0.38461538461538464,9,0.15384615384615385
2722,13,0.35,2,0.3,1,0.25
2723,3,0.42857142857142855,13,0.35714285714285715,2,0.14285714285714285
2724,13,0.5,19,0.4166666666666667,11,0.08333333333333333
2725,3,0.34615384615384615,15,0.15384615384615385,8,0.11538461538461539
2726,3,0.46153846153846156,6,0.15384615384615385,11,0.07692307692307693
2727,13,0.47058823529411764,11,0.23529411764705882,19,0.17647058823529413
2728,6,0.4444444444444444,13,0.3333333333333333,11,0.13333333333333333
2729,19,0.25,2,0.2,8,0.15
273,14,0.8421052631578947,9,0.10526315789473684,0,0.05263157894736842
2731,2,0.625,16,0.1875,13,0.1875
2732,6,0.5,2,0.25,11,0.125
2733,6,0.375,13,0.25,2,0.125
2734,13,0.4117647058823529,11,0.17647058823529413,2,0.17647058823529413
2735,14,0.5172413793103449,9,0.13793103448275862,16,0.13793103448275862
2736,1,0.5769230769230769,12,0.23076923076923078,11,0.15384615384615385
2737,1,0.2222222222222222,11,0.2222222222222222,12,0.2222222222222222
2738,18,0.75,13,0.125,8,0.125
2740,2,0.5,13,0.2,12,0.2
2741,13,0.6153846153846154,11,0.3076923076923077,18,0.07692307692307693
2742,1,0.4666666666666667,12,0.4,8,0.06666666666666667
2743,18,0.8461538461538461,7,0.07692307692307693,8,0.07692307692307693
2744,19,0.21052631578947367,8,0.21052631578947367,13,0.15789473684210525
2745,2,0.6666666666666666,19,0.2962962962962963,9,0.037037037037037035
2746,5,0.6818181818181818,13,0.3181818181818182,-1,0.0
2747,13,0.4166666666666667,18,0.3333333333333333,11,0.25
2748,13,0.7272727272727273,2,0.2727272727272727,-1,0.0
2752,18,0.6153846153846154,8,0.23076923076923078,13,0.07692307692307693
276,8,0.5384615384615384,9,0.23076923076923078,12,0.07692307692307693
277,16,0.3333333333333333,13,0.2,11,0.2
279,17,0.35294117647058826,11,0.29411764705882354,16,0.11764705882352941
2793,8,0.42105263157894735,11,0.3157894736842105,4,0.21052631578947367
2830,14,0.36,16,0.2,12,0.16
286,19,0.45454545454545453,16,0.2727272727272727,9,0.2727272727272727
2877,13,0.7,8,0.3,-1,0.0
2878,3,0.4444444444444444,13,0.18518518518518517,2,0.14814814814814814
2879,15,0.5,17,0.3333333333333333,18,0.05555555555555555
2881,18,0.45161290322580644,0,0.22580645161290322,7,0.16129032258064516
2882,15,0.8888888888888888,2,0.05555555555555555,9,0.05555555555555555
2883,19,0.3793103448275862,13,0.20689655172413793,8,0.13793103448275862
2884,13,0.5333333333333333,6,0.3333333333333333,5,0.13333333333333333
2885,4,0.4166666666666667,17,0.4166666666666667,11,0.08333333333333333
2886,13,0.5217391304347826,6,0.2608695652173913,5,0.17391304347826086
2887,5,0.5789473684210527,15,0.42105263157894735,-1,0.0
2888,15,0.6,5,0.3,6,0.1
2889,15,0.4666666666666667,5,0.4,6,0.13333333333333333
2890,1,0.4666666666666667,11,0.26666666666666666,8,0.2
2891,13,0.4375,6,0.1875,5,0.1875
2892,15,0.5,5,0.3181818181818182,2,0.09090909090909091
2893,8,0.391304347826087,2,0.391304347826087,4,0.13043478260869565
2894,1,0.5625,8,0.25,12,0.1875
2895,13,0.42105263157894735,6,0.3157894736842105,5,0.13157894736842105
2896,3,0.7222222222222222,11,0.1111111111111111,13,0.1111111111111111
2897,13,0.3157894736842105,11,0.21052631578947367,3,0.15789473684210525
2898,13,0.5,16,0.21428571428571427,3,0.14285714285714285
2899,3,0.48148148148148145,13,0.18518518518518517,8,0.14814814814814814
2900,8,0.4444444444444444,14,0.2222222222222222,11,0.16666666666666666
2901,13,0.7894736842105263,1,0.10526315789473684,6,0.10526315789473684
2902,2,0.25,1,0.15,13,0.15
2903,10,0.3684210526315789,13,0.3157894736842105,18,0.2631578947368421
2904,19,0.5454545454545454,2,0.18181818181818182,8,0.09090909090909091
2905,6,0.4,19,0.4,8,0.2
2906,13,0.4444444444444444,18,0.16666666666666666,1,0.1111111111111111
2907,0,0.48148148148148145,5,0.48148148148148145,11,0.037037037037037035
2908,14,0.5185185185185185,8,0.18518518518518517,0,0.1111111111111111
2909,19,0.2857142857142857,2,0.2857142857142857,8,0.19047619047619047
2910,12,0.3684210526315789,1,0.21052631578947367,11,0.15789473684210525
2911,2,0.5555555555555556,11,0.2222222222222222,13,0.2222222222222222
2912,3,0.9,11,0.05,13,0.05
2913,13,0.6086956521739131,19,0.17391304347826086,6,0.13043478260869565
2914,2,0.8333333333333334,12,0.16666666666666666,-1,0.0
2915,2,0.7272727272727273,16,0.09090909090909091,12,0.09090909090909091
2916,6,0.2857142857142857,13,0.21428571428571427,5,0.21428571428571427
2917,13,0.5925925925925926,6,0.37037037037037035,15,0.037037037037037035
2918,14,0.7142857142857143,12,0.23809523809523808,9,0.047619047619047616
2919,15,0.3,18,0.15,1,0.15
2920,13,0.4117647058823529,5,0.23529411764705882,11,0.17647058823529413
2921,13,0.4444444444444444,3,0.3333333333333333,6,0.1111111111111111
2922,13,0.55,18,0.35,11,0.05
2923,12,0.55,9,0.4,1,0.05
2924,13,0.5882352941176471,6,0.29411764705882354,11,0.058823529411764705
2925,1,0.375,12,0.125,13,0.125
2926,14,0.6086956521739131,8,0.2608695652173913,0,0.08695652173913043
2927,15,0.45,6,0.2,12,0.15
2928,18,0.375,8,0.25,13,0.25
2929,13,0.42857142857142855,19,0.2857142857142857,5,0.14285714285714285
2930,5,0.45,14,0.4,13,0.075
2931,13,0.5555555555555556,12,0.2222222222222222,16,0.1111111111111111
2932,3,0.5454545454545454,13,0.2727272727272727,11,0.09090909090909091
2933,13,0.5384615384615384,2,0.23076923076923078,16,0.11538461538461539
2934,15,0.6666666666666666,6,0.18518518518518517,5,0.07407407407407407
2935,17,0.6666666666666666,11,0.08333333333333333,2,0.08333333333333333
2936,3,0.6923076923076923,11,0.07692307692307693,17,0.07692307692307693
2937,13,0.625,6,0.3125,19,0.0625
2940,3,0.75,8,0.16666666666666666,6,0.08333333333333333
2941,5,0.5,13,0.4375,6,0.0625
2942,9,0.3888888888888889,6,0.2777777777777778,11,0.16666666666666666
2977,5,0.5714285714285714,13,0.42857142857142855,-1,0.0
2993,3,0.5789473684210527,11,0.10526315789473684,6,0.10526315789473684
2998,2,0.6153846153846154,12,0.3076923076923077,13,0.07692307692307693
2999,9,0.25,5,0.21428571428571427,0,0.14285714285714285
3000,17,0.6666666666666666,12,0.16666666666666666,4,0.08333333333333333
3001,1,0.5,13,0.3333333333333333,11,0.08333333333333333
3002,15,0.625,6,0.125,3,0.08333333333333333
3003,12,0.2777777777777778,1,0.2777777777777778,8,0.16666666666666666
3005,2,0.24242424242424243,4,0.18181818181818182,11,0.12121212121212122
3006,2,0.3793103448275862,6,0.13793103448275862,16,0.13793103448275862
3007,13,0.4782608695652174,1,0.2608695652173913,8,0.043478260869565216
3008,19,0.6190476190476191,11,0.19047619047619047,13,0.14285714285714285
3009,2,0.47058823529411764,13,0.29411764705882354,1,0.11764705882352941
3010,2,0.36,19,0.24,9,0.12
3012,2,0.6153846153846154,11,0.15384615384615385,19,0.15384615384615385
3013,13,0.26666666666666666,5,0.26666666666666666,8,0.26666666666666666
3014,8,0.3333333333333333,15,0.25,5,0.16666666666666666
3016,14,0.5714285714285714,11,0.14285714285714285,8,0.14285714285714285
3017,8,0.6153846153846154,1,0.15384615384615385,11,0.07692307692307693
3018,13,0.7142857142857143,1,0.21428571428571427,12,0.07142857142857142
3019,13,0.5555555555555556,2,0.16666666666666666,12,0.1111111111111111
3020,13,0.5333333333333333,19,0.4666666666666667,-1,0.0
3021,19,0.5238095238095238,13,0.3333333333333333,9,0.09523809523809523
3022,8,0.5882352941176471,16,0.29411764705882354,13,0.058823529411764705
3023,13,0.5,6,0.3125,5,0.1875
3024,2,0.28,19,0.2,11,0.12
3025,2,0.4166666666666667,9,0.2916666666666667,6,0.125
3026,1,0.7692307692307693,13,0.23076923076923078,-1,0.0
3027,13,0.38095238095238093,5,0.2857142857142857,6,0.19047619047619047
3028,3,0.5833333333333334,13,0.4166666666666667,-1,0.0
3029,5,0.3225806451612903,13,0.2903225806451613,19,0.12903225806451613
3030,18,0.75,13,0.25,-1,0.0
3031,16,0.5833333333333334,9,0.3333333333333333,12,0.08333333333333333
3034,6,0.4444444444444444,2,0.2222222222222222,11,0.1111111111111111
3066,7,0.5333333333333333,18,0.3333333333333333,11,0.06666666666666667
307,14,0.4666666666666667,9,0.3333333333333333,4,0.13333333333333333
3085,1,0.3448275862068966,12,0.3103448275862069,13,0.2413793103448276
3098,2,0.4,12,0.4,1,0.1
3099,1,0.3333333333333333,12,0.3333333333333333,11,0.14285714285714285
3100,0,0.4375,2,0.25,16,0.1875
3101,9,0.35714285714285715,12,0.32142857142857145,15,0.14285714285714285
3102,19,0.6521739130434783,11,0.21739130434782608,13,0.13043478260869565
3103,2,0.6521739130434783,16,0.21739130434782608,3,0.08695652173913043
3104,13,0.7222222222222222,6,0.2222222222222222,11,0.05555555555555555
3105,13,0.59375,6,0.21875,1,0.15625
3106,9,0.6521739130434783,12,0.21739130434782608,1,0.08695652173913043
3107,1,0.5,8,0.2,12,0.1
3108,2,0.36363636363636365,13,0.30303030303030304,19,0.24242424242424243
3109,13,0.4,14,0.26666666666666666,16,0.2
3110,3,0.4375,13,0.375,6,0.125
3112,2,0.5238095238095238,11,0.19047619047619047,1,0.14285714285714285
3113,13,0.7894736842105263,6,0.15789473684210525,8,0.05263157894736842
3114,19,0.7142857142857143,13,0.21428571428571427,6,0.07142857142857142
3115,12,0.5,9,0.3125,2,0.1875
3116,2,0.8,16,0.08,3,0.04
3117,12,0.5384615384615384,9,0.38461538461538464,2,0.07692307692307693
3118,13,0.3125,1,0.3125,11,0.1875
3119,13,0.6666666666666666,6,0.13333333333333333,9,0.13333333333333333
3120,13,0.5769230769230769,18,0.34615384615384615,16,0.038461538461538464
3121,3,0.42857142857142855,13,0.2857142857142857,11,0.09523809523809523
3122,8,0.5833333333333334,11,0.25,9,0.08333333333333333
3123,4,0.26666666666666666,2,0.23333333333333334,8,0.23333333333333334
3124,13,0.42857142857142855,19,0.21428571428571427,18,0.14285714285714285
3126,13,0.6363636363636364,18,0.18181818181818182,6,0.18181818181818182
3141,3,0.8,13,0.2,-1,0.0
3164,2,0.6666666666666666,16,0.25925925925925924,9,0.07407407407407407
3165,18,0.7058823529411765,13,0.17647058823529413,16,0.058823529411764705
3166,2,0.85,16,0.05,12,0.05
3167,19,0.5217391304347826,11,0.17391304347826086,2,0.17391304347826086
3168,13,0.7241379310344828,12,0.13793103448275862,6,0.06896551724137931
3169,2,0.4230769230769231,16,0.2692307692307692,13,0.15384615384615385
3170,13,0.3157894736842105,11,0.3157894736842105,19,0.21052631578947367
3171,19,0.4375,11,0.25,13,0.1875
3172,18,0.5,2,0.375,16,0.125
3173,15,0.5789473684210527,1,0.10526315789473684,12,0.10526315789473684
3174,13,0.6086956521739131,6,0.2608695652173913,11,0.043478260869565216
3175,10,0.9047619047619048,6,0.047619047619047616,1,0.047619047619047616
3176,16,0.29411764705882354,19,0.23529411764705882,11,0.17647058823529413
3177,19,0.42857142857142855,2,0.42857142857142855,11,0.047619047619047616
3178,1,0.25,11,0.25,12,0.1875
3179,8,0.5454545454545454,4,0.2727272727272727,19,0.09090909090909091
3181,1,0.3333333333333333,12,0.3333333333333333,11,0.09523809523809523
3182,13,0.625,6,0.20833333333333334,9,0.08333333333333333
3184,1,0.2857142857142857,2,0.23809523809523808,13,0.19047619047619047
3185,2,0.55,16,0.15,18,0.15
3186,16,0.6,6,0.2,2,0.2
3187,13,0.375,1,0.25,11,0.125
3188,13,0.8333333333333334,12,0.08333333333333333,6,0.08333333333333333
3189,17,0.5,8,0.2,18,0.1
3204,12,0.5833333333333334,9,0.4166666666666667,-1,0.0
3205,13,0.5,19,0.2857142857142857,16,0.07142857142857142
3206,18,0.4,2,0.26666666666666666,11,0.13333333333333333
3207,8,0.52,4,0.28,18,0.2
3208,13,0.55,6,0.25,11,0.2
3209,8,0.47058823529411764,18,0.11764705882352941,2,0.11764705882352941
3210,15,0.5789473684210527,1,0.10526315789473684,12,0.10526315789473684
3211,13,0.38461538461538464,2,0.3076923076923077,12,0.23076923076923078
3213,13,0.38461538461538464,19,0.23076923076923078,18,0.15384615384615385
3264,16,0.3,2,0.16666666666666666,12,0.13333333333333333
3266,8,0.47368421052631576,0,0.3157894736842105,13,0.10526315789473684
3296,16,0.47058823529411764,8,0.29411764705882354,13,0.17647058823529413
3307,8,0.45454545454545453,12,0.2727272727272727,6,0.2727272727272727
3308,2,0.65,16,0.15,12,0.1
3309,13,0.5,1,0.2777777777777778,12,0.2222222222222222
3310,2,0.8333333333333334,16,0.125,4,0.041666666666666664
3311,2,0.5652173913043478,11,0.17391304347826086,16,0.13043478260869565
3312,18,0.5555555555555556,11,0.1111111111111111,1,0.1111111111111111
3313,16,0.5555555555555556,13,0.25925925925925924,14,0.14814814814814814
3315,15,0.3870967741935484,6,0.3225806451612903,11,0.06451612903225806
3316,13,0.6,1,0.2,11,0.13333333333333333
3317,13,0.6,3,0.24,2,0.12
3318,12,0.3,1,0.2,16,0.2
332,9,0.7272727272727273,2,0.18181818181818182,13,0.09090909090909091
3320,13,0.75,1,0.125,6,0.125
3321,2,0.6,12,0.12,16,0.08
3322,2,0.8125,16,0.125,3,0.0625
3323,3,0.6111111111111112,11,0.16666666666666666,13,0.1111111111111111
3325,16,0.42105263157894735,2,0.3684210526315789,9,0.10526315789473684
3326,16,0.4375,2,0.3125,1,0.125
3327,2,0.7272727272727273,16,0.18181818181818182,8,0.045454545454545456
3328,13,0.3333333333333333,16,0.3333333333333333,8,0.3333333333333333
3329,2,0.4,11,0.1,3,0.1
3330,2,0.38461538461538464,13,0.3076923076923077,11,0.15384615384615385
3331,2,0.5,16,0.4375,6,0.0625
3332,3,0.4482758620689655,8,0.20689655172413793,11,0.1724137931034483
3333,2,0.36363636363636365,16,0.24242424242424243,1,0.12121212121212122
3335,6,0.5555555555555556,13,0.2777777777777778,5,0.16666666666666666
3336,12,0.2962962962962963,16,0.2222222222222222,18,0.1111111111111111
3337,13,0.625,6,0.25,5,0.0625
3338,3,0.3333333333333333,8,0.2916666666666667,2,0.25
3373,9,0.5333333333333333,16,0.26666666666666666,12,0.06666666666666667
3395,3,0.5217391304347826,2,0.2608695652173913,11,0.17391304347826086
3396,13,0.5,16,0.3333333333333333,8,0.16666666666666666
3397,2,0.7142857142857143,12,0.2857142857142857,-1,0.0
3398,2,0.4642857142857143,16,0.39285714285714285,13,0.14285714285714285
3399,2,0.7407407407407407,12,0.2222222222222222,15,0.037037037037037035
3400,2,0.5,3,0.2857142857142857,13,0.14285714285714285
3401,13,0.3181818181818182,16,0.2727272727272727,2,0.18181818181818182
3402,18,0.6086956521739131,7,0.30434782608695654,16,0.043478260869565216
3403,2,0.7142857142857143,18,0.23809523809523808,11,0.047619047619047616
3404,13,0.4666666666666667,3,0.4666666666666667,2,0.06666666666666667
3405,13,0.4666666666666667,6,0.26666666666666666,3,0.2
3406,12,0.5333333333333333,1,0.13333333333333333,11,0.1
3407,13,0.45454545454545453,6,0.22727272727272727,2,0.13636363636363635
3408,13,0.6206896551724138,2,0.13793103448275862,12,0.06896551724137931
3409,13,0.6285714285714286,1,0.11428571428571428,11,0.11428571428571428
3410,19,0.2857142857142857,13,0.2857142857142857,2,0.21428571428571427
3411,1,0.38095238095238093,12,0.38095238095238093,2,0.14285714285714285
3413,18,0.4230769230769231,13,0.2692307692307692,1,0.15384615384615385
3414,13,0.42857142857142855,1,0.2857142857142857,18,0.21428571428571427
3415,4,0.8275862068965517,11,0.10344827586206896,9,0.06896551724137931
3416,13,0.5263157894736842,1,0.15789473684210525,12,0.15789473684210525
3417,4,0.8823529411764706,11,0.058823529411764705,9,0.058823529411764705
3418,12,0.4444444444444444,1,0.3333333333333333,2,0.1111111111111111
3419,12,0.4444444444444444,13,0.2222222222222222,1,0.16666666666666666
3420,13,0.6875,6,0.125,9,0.0625
3421,2,0.875,15,0.0625,12,0.0625
3422,13,0.5,5,0.25,6,0.16666666666666666
3423,13,0.3333333333333333,18,0.3333333333333333,11,0.16666666666666666
3424,13,0.625,16,0.125,2,0.125
3426,8,0.4166666666666667,16,0.3333333333333333,13,0.25
3427,2,0.5454545454545454,13,0.2727272727272727,6,0.09090909090909091
3428,1,0.3076923076923077,2,0.23076923076923078,6,0.15384615384615385
3429,0,0.36363636363636365,8,0.2727272727272727,2,0.18181818181818182
3430,18,0.55,7,0.45,-1,0.0
3431,1,0.46153846153846156,9,0.23076923076923078,11,0.15384615384615385
3432,2,0.3333333333333333,6,0.25,13,0.25
3451,13,0.4444444444444444,6,0.3333333333333333,18,0.18518518518518517
3471,4,0.875,11,0.08333333333333333,9,0.041666666666666664
348,0,0.9333333333333333,11,0.06666666666666667,-1,0.0
3489,18,0.34615384615384615,2,0.3076923076923077,13,0.15384615384615385
3490,12,0.42857142857142855,9,0.42857142857142855,1,0.07142857142857142
3491,7,0.5142857142857142,16,0.34285714285714286,9,0.08571428571428572
3492,16,0.3870967741935484,2,0.22580645161290322,13,0.1935483870967742
3493,19,0.7647058823529411,13,0.17647058823529413,11,0.058823529411764705
3494,2,0.4827586206896552,16,0.41379310344827586,13,0.06896551724137931
3495,4,0.875,8,0.08333333333333333,16,0.041666666666666664
3496,13,0.5,18,0.3333333333333333,6,0.08333333333333333
3497,18,0.48484848484848486,2,0.18181818181818182,1,0.09090909090909091
3498,5,0.45,13,0.35,6,0.1
3499,14,0.7391304347826086,11,0.21739130434782608,8,0.043478260869565216
350,18,0.5769230769230769,9,0.11538461538461539,16,0.11538461538461539
3500,4,0.3448275862068966,8,0.20689655172413793,12,0.1724137931034483
3501,18,0.4166666666666667,9,0.25,8,0.08333333333333333
3502,16,0.7391304347826086,8,0.17391304347826086,18,0.043478260869565216
3503,13,0.2777777777777778,19,0.2222222222222222,8,0.2222222222222222
3504,16,0.625,8,0.20833333333333334,13,0.08333333333333333
3505,16,0.5263157894736842,8,0.3157894736842105,13,0.10526315789473684
3506,1,0.6818181818181818,12,0.22727272727272727,11,0.045454545454545456
3507,4,0.75,12,0.125,11,0.0625
3508,16,0.7391304347826086,8,0.17391304347826086,0,0.043478260869565216
3509,16,0.3333333333333333,18,0.20833333333333334,13,0.16666666666666666
351,0,1.0,-1,0.0,-1,0.0
3510,19,0.4090909090909091,13,0.22727272727272727,12,0.18181818181818182
3517,18,0.7692307692307693,11,0.15384615384615385,13,0.07692307692307693
352,4,0.4666666666666667,9,0.2,11,0.13333333333333333
3525,18,0.5263157894736842,13,0.3684210526315789,11,0.05263157894736842
353,0,0.5294117647058824,12,0.35294117647058826,2,0.058823529411764705
354,0,0.8333333333333334,11,0.08333333333333333,10,0.08333333333333333
3544,2,0.4864864864864865,12,0.21621621621621623,13,0.13513513513513514
3545,6,0.47368421052631576,13,0.3157894736842105,16,0.15789473684210525
3546,18,0.5,13,0.4090909090909091,11,0.045454545454545456
3547,16,0.42105263157894735,13,0.3157894736842105,1,0.10526315789473684
3548,8,0.4090909090909091,13,0.36363636363636365,11,0.13636363636363635
3549,13,0.7222222222222222,6,0.16666666666666666,5,0.1111111111111111
355,4,0.5454545454545454,11,0.18181818181818182,15,0.18181818181818182
3550,13,0.5,19,0.5,-1,0.0
3553,13,0.35294117647058826,16,0.29411764705882354,2,0.23529411764705882
3559,13,0.36,2,0.32,16,0.16
356,7,0.7446808510638298,18,0.10638297872340426,16,0.10638297872340426
3562,8,0.75,4,0.125,9,0.125
3563,2,0.8333333333333334,16,0.1111111111111111,13,0.05555555555555555
3564,16,0.4230769230769231,13,0.23076923076923078,1,0.11538461538461539
3565,2,0.6842105263157895,13,0.10526315789473684,11,0.05263157894736842
3566,13,0.8947368421052632,6,0.10526315789473684,-1,0.0
3567,12,0.2857142857142857,6,0.2857142857142857,13,0.21428571428571427
3568,2,0.7058823529411765,3,0.17647058823529413,13,0.11764705882352941
3569,2,0.36363636363636365,18,0.2727272727272727,13,0.13636363636363635
357,19,0.5555555555555556,9,0.4444444444444444,-1,0.0
3570,3,0.4583333333333333,2,0.2916666666666667,13,0.16666666666666666
3572,13,0.5,16,0.35714285714285715,8,0.14285714285714285
3573,2,0.3333333333333333,13,0.23809523809523808,12,0.23809523809523808
3576,13,0.5,1,0.2,11,0.1
358,0,0.5625,16,0.25,6,0.125
3581,17,0.5833333333333334,2,0.20833333333333334,19,0.08333333333333333
359,7,0.6470588235294118,18,0.23529411764705882,9,0.11764705882352941
3592,2,0.5454545454545454,12,0.2727272727272727,13,0.13636363636363635
3593,16,0.64,9,0.2,8,0.08
3594,18,0.5652173913043478,8,0.13043478260869565,9,0.13043478260869565
3595,2,0.5333333333333333,13,0.3333333333333333,12,0.13333333333333333
3596,13,0.7,5,0.15,16,0.1
3597,3,0.6,11,0.2,6,0.06666666666666667
3598,13,0.2916666666666667,12,0.25,1,0.125
360,17,0.5714285714285714,4,0.2857142857142857,15,0.07142857142857142
3605,18,0.6190476190476191,8,0.14285714285714285,13,0.14285714285714285
361,9,0.36363636363636365,19,0.18181818181818182,2,0.18181818181818182
3619,8,0.35714285714285715,2,0.2857142857142857,4,0.2857142857142857
362,4,0.6153846153846154,9,0.23076923076923078,15,0.15384615384615385
363,0,0.75,6,0.125,9,0.125
3632,6,0.5416666666666666,16,0.125,5,0.125
364,5,0.6111111111111112,13,0.2777777777777778,8,0.05555555555555555
3642,19,0.35714285714285715,9,0.2857142857142857,15,0.14285714285714285
3643,8,0.5609756097560976,10,0.1951219512195122,9,0.0975609756097561
365,0,0.4444444444444444,2,0.3333333333333333,16,0.2222222222222222
366,0,0.6,2,0.13333333333333333,5,0.13333333333333333
367,0,0.5,16,0.375,8,0.0625
368,0,0.5384615384615384,5,0.38461538461538464,16,0.07692307692307693
3684,16,0.6521739130434783,18,0.17391304347826086,8,0.13043478260869565
3685,16,0.4666666666666667,13,0.16666666666666666,6,0.13333333333333333
3686,15,0.7391304347826086,11,0.13043478260869565,6,0.043478260869565216
3687,1,0.5555555555555556,8,0.16666666666666666,6,0.1111111111111111
3688,12,0.8275862068965517,1,0.1724137931034483,-1,0.0
3689,18,0.5,8,0.3333333333333333,16,0.05555555555555555
369,0,0.7857142857142857,15,0.21428571428571427,-1,0.0
3690,16,0.4583333333333333,9,0.25,8,0.125
3691,10,0.6190476190476191,0,0.19047619047619047,9,0.14285714285714285
3692,8,0.36363636363636365,1,0.2727272727272727,4,0.18181818181818182
3693,0,0.6666666666666666,16,0.13333333333333333,9,0.13333333333333333
3694,12,0.3888888888888889,2,0.2777777777777778,13,0.2222222222222222
3696,1,0.35714285714285715,4,0.2857142857142857,12,0.14285714285714285
3697,0,0.8260869565217391,17,0.08695652173913043,16,0.043478260869565216
3698,1,0.47368421052631576,12,0.42105263157894735,18,0.05263157894736842
3699,2,0.44,3,0.32,8,0.16
370,0,0.5,17,0.2857142857142857,11,0.14285714285714285
3700,2,0.8,16,0.13333333333333333,1,0.06666666666666667
3701,2,0.6428571428571429,19,0.2857142857142857,16,0.07142857142857142
3702,5,0.45454545454545453,13,0.36363636363636365,16,0.045454545454545456
3703,8,0.7037037037037037,0,0.1111111111111111,11,0.037037037037037035
3704,0,0.6470588235294118,9,0.11764705882352941,17,0.058823529411764705
3705,0,0.7368421052631579,8,0.10526315789473684,16,0.05263157894736842
3706,8,0.4,2,0.3,13,0.1
3707,19,0.4827586206896552,2,0.20689655172413793,13,0.20689655172413793
3708,8,0.38461538461538464,18,0.23076923076923078,10,0.19230769230769232
3709,0,0.8421052631578947,9,0.05263157894736842,15,0.05263157894736842
371,0,0.6176470588235294,8,0.20588235294117646,11,0.058823529411764705
3710,0,0.875,17,0.0625,16,0.0625
3711,13,0.5,8,0.4090909090909091,11,0.045454545454545456
3712,13,0.5789473684210527,19,0.2631578947368421,18,0.15789473684210525
3713,6,0.6551724137931034,5,0.10344827586206896,16,0.10344827586206896
3714,15,0.5769230769230769,5,0.23076923076923078,3,0.07692307692307693
3715,1,0.45,18,0.15,11,0.15
3716,1,0.29411764705882354,11,0.29411764705882354,13,0.29411764705882354
3717,2,0.391304347826087,19,0.30434782608695654,16,0.21739130434782608
3718,13,0.2916666666666667,12,0.20833333333333334,1,0.20833333333333334
3719,1,0.3333333333333333,12,0.23809523809523808,13,0.23809523809523808
372,9,0.5789473684210527,11,0.15789473684210525,15,0.15789473684210525
3720,12,0.5909090909090909,1,0.2727272727272727,13,0.09090909090909091
3721,0,0.9375,9,0.0625,-1,0.0
3722,15,0.3076923076923077,8,0.23076923076923078,12,0.15384615384615385
3723,2,0.5833333333333334,12,0.4166666666666667,-1,0.0
3724,16,0.40625,18,0.21875,8,0.1875
3725,19,0.47619047619047616,16,0.2857142857142857,13,0.23809523809523808
3726,0,0.8235294117647058,9,0.17647058823529413,-1,0.0
3727,6,0.45,12,0.3,13,0.1
3729,2,0.7333333333333333,16,0.13333333333333333,1,0.06666666666666667
3730,0,1.0,-1,0.0,-1,0.0
3739,13,0.29411764705882354,12,0.23529411764705882,6,0.17647058823529413
374,19,0.2631578947368421,16,0.2631578947368421,9,0.23684210526315788
3740,2,0.6428571428571429,19,0.14285714285714285,16,0.07142857142857142
3748,4,0.2222222222222222,6,0.19444444444444445,15,0.16666666666666666
375,14,0.8823529411764706,11,0.058823529411764705,9,0.058823529411764705
376,9,0.5294117647058824,14,0.35294117647058826,11,0.058823529411764705
3760,19,0.391304347826087,13,0.17391304347826086,16,0.13043478260869565
377,9,0.5,10,0.2222222222222222,16,0.1111111111111111
3771,13,0.55,16,0.2,6,0.1
3772,18,0.47619047619047616,2,0.3333333333333333,6,0.09523809523809523
3773,0,0.8235294117647058,16,0.11764705882352941,17,0.058823529411764705
3774,3,0.7391304347826086,8,0.08695652173913043,13,0.043478260869565216
3775,2,0.6153846153846154,16,0.15384615384615385,19,0.15384615384615385
3776,2,0.4,19,0.3,11,0.1
3777,19,0.35714285714285715,11,0.21428571428571427,8,0.14285714285714285
3778,2,0.5217391304347826,3,0.34782608695652173,13,0.13043478260869565
3779,1,0.25,11,0.2,4,0.2
378,9,0.35714285714285715,14,0.35714285714285715,16,0.21428571428571427
3780,2,0.3125,13,0.3125,19,0.1875
3781,19,0.5294117647058824,2,0.23529411764705882,11,0.11764705882352941
3782,13,0.5454545454545454,1,0.18181818181818182,11,0.09090909090909091
3783,2,0.6666666666666666,8,0.16666666666666666,16,0.16666666666666666
3784,2,0.75,16,0.08333333333333333,5,0.08333333333333333
3785,16,0.6111111111111112,0,0.3333333333333333,9,0.05555555555555555
3786,3,0.6,11,0.2,2,0.13333333333333333
3787,12,0.5333333333333333,1,0.2,13,0.1
3788,13,0.7333333333333333,1,0.2,6,0.06666666666666667
3789,5,0.5263157894736842,15,0.3684210526315789,6,0.10526315789473684
3790,15,0.5789473684210527,5,0.3157894736842105,0,0.05263157894736842
3791,13,0.5,5,0.35714285714285715,6,0.07142857142857142
3792,16,0.5714285714285714,13,0.2857142857142857,6,0.10714285714285714
3793,16,0.85,13,0.1,8,0.05
3794,13,0.3076923076923077,6,0.3076923076923077,16,0.07692307692307693
381,14,0.7894736842105263,9,0.15789473684210525,17,0.05263157894736842
382,18,0.5714285714285714,7,0.3333333333333333,11,0.09523809523809523
3825,3,0.6,2,0.13333333333333333,13,0.13333333333333333
3826,18,0.5294117647058824,1,0.23529411764705882,2,0.17647058823529413
3827,8,0.5454545454545454,4,0.18181818181818182,2,0.13636363636363635
3828,12,0.6190476190476191,1,0.3333333333333333,11,0.047619047619047616
3829,4,0.9333333333333333,1,0.06666666666666667,-1,0.0
3830,18,0.30434782608695654,19,0.2608695652173913,13,0.17391304347826086
3831,0,0.4444444444444444,5,0.3333333333333333,9,0.1111111111111111
3832,3,0.5294117647058824,2,0.47058823529411764,-1,0.0
3833,13,0.6153846153846154,6,0.3076923076923077,16,0.07692307692307693
3835,16,0.4,6,0.2,13,0.2
3836,4,0.7142857142857143,17,0.14285714285714285,8,0.07142857142857142
3838,2,0.5333333333333333,19,0.3333333333333333,13,0.13333333333333333
3839,5,0.4117647058823529,13,0.35294117647058826,6,0.17647058823529413
384,14,0.4,9,0.4,4,0.12
3840,6,0.4375,15,0.25,5,0.1875
3841,14,0.8636363636363636,16,0.09090909090909091,13,0.045454545454545456
385,9,0.7307692307692307,18,0.15384615384615385,5,0.07692307692307693
3851,2,0.55,19,0.25,18,0.1
3854,1,0.48,17,0.16,8,0.12
3855,3,0.7857142857142857,6,0.07142857142857142,2,0.07142857142857142
386,14,0.4782608695652174,9,0.391304347826087,4,0.08695652173913043
387,14,0.625,9,0.1875,4,0.125
393,7,0.5,9,0.17857142857142858,8,0.10714285714285714
399,4,0.8,11,0.1,9,0.1
400,0,0.8,15,0.13333333333333333,11,0.06666666666666667
401,16,0.3,12,0.2,9,0.15
410,5,0.5142857142857142,0,0.42857142857142855,9,0.05714285714285714
412,13,0.6923076923076923,6,0.23076923076923078,11,0.07692307692307693
416,16,0.5454545454545454,8,0.2727272727272727,0,0.09090909090909091
417,0,0.41379310344827586,8,0.20689655172413793,11,0.1724137931034483
422,0,0.5416666666666666,9,0.125,12,0.125
437,17,0.7333333333333333,16,0.26666666666666666,-1,0.0
446,0,0.6923076923076923,18,0.15384615384615385,16,0.15384615384615385
474,17,0.4444444444444444,16,0.3333333333333333,11,0.1111111111111111
493,0,0.8823529411764706,11,0.058823529411764705,9,0.058823529411764705
51,17,0.8636363636363636,19,0.045454545454545456,13,0.045454545454545456
512,17,0.9411764705882353,8,0.058823529411764705,-1,0.0
52,13,0.48484848484848486,15,0.2727272727272727,1,0.12121212121212122
566,12,0.3488372093023256,16,0.20930232558139536,9,0.18604651162790697
567,16,0.4782608695652174,18,0.21739130434782608,6,0.08695652173913043
568,14,0.52,0,0.12,8,0.12
570,5,0.5882352941176471,0,0.35294117647058826,16,0.058823529411764705
572,0,0.5833333333333334,5,0.375,16,0.041666666666666664
574,2,0.5357142857142857,9,0.25,19,0.17857142857142858
576,0,0.9047619047619048,16,0.047619047619047616,6,0.047619047619047616
577,2,0.6129032258064516,19,0.22580645161290322,9,0.12903225806451613
578,12,0.625,9,0.1875,11,0.0625
579,5,0.47619047619047616,0,0.38095238095238093,6,0.047619047619047616
580,0,0.8181818181818182,5,0.18181818181818182,-1,0.0
581,4,0.8421052631578947,11,0.05263157894736842,16,0.05263157894736842
583,0,0.5714285714285714,12,0.14285714285714285,11,0.07142857142857142
584,5,0.5652173913043478,0,0.34782608695652173,16,0.043478260869565216
585,15,0.3333333333333333,6,0.2222222222222222,17,0.16666666666666666
587,9,0.3333333333333333,19,0.3333333333333333,8,0.16666666666666666
588,10,0.8333333333333334,8,0.125,11,0.041666666666666664
589,0,0.5925925925925926,5,0.2962962962962963,16,0.1111111111111111
590,19,0.5294117647058824,13,0.47058823529411764,-1,0.0
591,8,0.3,5,0.3,16,0.3
594,0,0.7777777777777778,16,0.1111111111111111,6,0.05555555555555555
595,9,0.45454545454545453,12,0.4090909090909091,0,0.09090909090909091
597,0,0.5833333333333334,10,0.25,11,0.16666666666666666
599,11,0.4444444444444444,4,0.3333333333333333,8,0.2222222222222222
618,13,0.6470588235294118,1,0.29411764705882354,16,0.058823529411764705
621,0,0.6521739130434783,5,0.34782608695652173,-1,0.0
622,9,0.4642857142857143,19,0.32142857142857145,2,0.14285714285714285
624,12,0.6190476190476191,9,0.2857142857142857,2,0.047619047619047616
627,4,0.6923076923076923,2,0.15384615384615385,1,0.07692307692307693
629,0,0.75,11,0.1,16,0.1
63,15,0.95,11,0.05,-1,0.0
632,16,0.4375,15,0.25,9,0.25
634,12,0.5714285714285714,9,0.23809523809523808,1,0.14285714285714285
635,2,0.7407407407407407,19,0.14814814814814814,11,0.037037037037037035
636,9,0.6666666666666666,8,0.2222222222222222,0,0.1111111111111111
637,4,0.7333333333333333,11,0.2,16,0.06666666666666667
639,10,0.6111111111111112,0,0.3888888888888889,-1,0.0
640,0,0.5833333333333334,5,0.3333333333333333,9,0.08333333333333333
641,0,0.5882352941176471,16,0.11764705882352941,11,0.11764705882352941
644,2,0.5,16,0.35,9,0.05
646,5,0.5882352941176471,0,0.4117647058823529,-1,0.0
648,0,0.6,5,0.4,-1,0.0
651,18,0.5789473684210527,7,0.42105263157894735,-1,0.0
652,2,0.6190476190476191,6,0.14285714285714285,16,0.09523809523809523
653,13,0.2857142857142857,11,0.2857142857142857,12,0.21428571428571427
654,0,0.52,6,0.16,9,0.16
655,18,0.5,7,0.4444444444444444,8,0.05555555555555555
657,0,0.5333333333333333,10,0.4,9,0.06666666666666667
659,13,0.6923076923076923,11,0.23076923076923078,1,0.07692307692307693
660,0,0.8181818181818182,9,0.18181818181818182,-1,0.0
661,0,0.7058823529411765,5,0.23529411764705882,9,0.058823529411764705
662,10,0.6451612903225806,0,0.2903225806451613,8,0.06451612903225806
663,0,0.4166666666666667,16,0.3333333333333333,12,0.125
664,13,0.5294117647058824,11,0.23529411764705882,1,0.17647058823529413
667,5,0.55,0,0.45,-1,0.0
668,18,0.5294117647058824,7,0.23529411764705882,9,0.11764705882352941
671,0,0.5,5,0.375,9,0.125
672,0,0.6842105263157895,5,0.3157894736842105,-1,0.0
673,10,0.6818181818181818,9,0.18181818181818182,11,0.045454545454545456
676,4,0.7142857142857143,2,0.09523809523809523,11,0.047619047619047616
678,4,0.8571428571428571,8,0.14285714285714285,-1,0.0
679,12,0.375,9,0.25,1,0.125
681,17,0.8571428571428571,11,0.07142857142857142,6,0.07142857142857142
683,9,0.6333333333333333,14,0.26666666666666666,15,0.03333333333333333
684,0,0.85,11,0.1,2,0.05
685,0,0.5,10,0.4444444444444444,6,0.05555555555555555
686,10,0.6,0,0.24,2,0.08
688,15,0.42105263157894735,14,0.3684210526315789,16,0.15789473684210525
689,10,0.8235294117647058,0,0.058823529411764705,16,0.058823529411764705
690,17,0.7647058823529411,15,0.058823529411764705,8,0.058823529411764705
697,0,0.9666666666666667,2,0.03333333333333333,-1,0.0
698,7,0.8235294117647058,18,0.11764705882352941,9,0.058823529411764705
699,8,0.4583333333333333,16,0.20833333333333334,11,0.125
701,0,0.3157894736842105,17,0.2631578947368421,11,0.15789473684210525
702,5,0.5652173913043478,0,0.34782608695652173,15,0.043478260869565216
703,19,0.4583333333333333,2,0.375,9,0.16666666666666666
705,14,0.7647058823529411,9,0.11764705882352941,11,0.058823529411764705
706,5,0.5714285714285714,0,0.35714285714285715,16,0.07142857142857142
707,0,0.8571428571428571,16,0.09523809523809523,8,0.047619047619047616
708,0,1.0,-1,0.0,-1,0.0
709,4,0.8181818181818182,11,0.09090909090909091,9,0.09090909090909091
710,0,0.45454545454545453,4,0.36363636363636365,9,0.09090909090909091
712,6,0.5263157894736842,13,0.21052631578947367,11,0.15789473684210525
713,14,0.5,9,0.2857142857142857,4,0.21428571428571427
714,9,0.4444444444444444,12,0.2222222222222222,16,0.16666666666666666
715,13,0.43478260869565216,19,0.30434782608695654,11,0.17391304347826086
717,14,0.6923076923076923,9,0.15384615384615385,11,0.07692307692307693
722,0,0.5625,10,0.375,11,0.0625
729,4,0.7857142857142857,9,0.14285714285714285,11,0.07142857142857142
750,0,0.9333333333333333,9,0.06666666666666667,-1,0.0
751,14,0.782608695652174,0,0.13043478260869565,9,0.08695652173913043
752,10,0.6,0,0.4,-1,0.0
753,14,0.38461538461538464,0,0.23076923076923078,16,0.15384615384615385
754,2,0.40625,8,0.21875,0,0.21875
755,10,0.38095238095238093,9,0.3333333333333333,6,0.14285714285714285
756,7,0.3888888888888889,9,0.2222222222222222,18,0.16666666666666666
772,13,0.5833333333333334,1,0.16666666666666666,11,0.08333333333333333
773,0,0.7142857142857143,10,0.21428571428571427,11,0.07142857142857142
774,13,0.5625,11,0.3125,8,0.0625
775,13,0.6666666666666666,6,0.16666666666666666,11,0.08333333333333333
780,15,0.6666666666666666,11,0.16666666666666666,3,0.05555555555555555
781,10,0.5,0,0.4090909090909091,8,0.09090909090909091
782,10,0.631578947368421,0,0.3157894736842105,8,0.05263157894736842
784,12,0.25,9,0.25,0,0.1875
790,13,0.5714285714285714,1,0.21428571428571427,12,0.14285714285714285
793,1,0.25806451612903225,16,0.25806451612903225,15,0.1935483870967742
795,13,0.42105263157894735,11,0.3157894736842105,6,0.15789473684210525
797,12,0.2727272727272727,14,0.2727272727272727,13,0.18181818181818182
798,10,0.5,0,0.3181818181818182,16,0.09090909090909091
857,0,0.8888888888888888,15,0.05555555555555555,16,0.05555555555555555
871,11,0.3,0,0.25,16,0.2
872,15,0.6,3,0.3,13,0.05
873,13,0.5,18,0.3,11,0.1
874,13,0.7333333333333333,11,0.13333333333333333,6,0.13333333333333333
875,13,0.5,19,0.42857142857142855,11,0.07142857142857142
876,0,0.6,5,0.3,9,0.1
877,7,0.75,9,0.15,18,0.1
878,0,0.7,11,0.1,8,0.1
880,13,0.6,11,0.3,19,0.1
881,0,0.8333333333333334,16,0.16666666666666666,-1,0.0
882,4,0.8181818181818182,11,0.09090909090909091,9,0.09090909090909091
883,11,0.3333333333333333,4,0.2962962962962963,8,0.25925925925925924
887,0,0.9,15,0.1,-1,0.0
888,16,0.6111111111111112,9,0.3333333333333333,8,0.05555555555555555
889,0,0.5,5,0.25,6,0.16666666666666666
890,0,0.8,6,0.13333333333333333,16,0.06666666666666667
891,16,0.2903225806451613,9,0.25806451612903225,11,0.25806451612903225
892,0,0.7777777777777778,16,0.16666666666666666,9,0.05555555555555555
895,2,0.6470588235294118,12,0.17647058823529413,9,0.11764705882352941
902,13,0.5555555555555556,11,0.2222222222222222,18,0.16666666666666666
906,0,0.5,5,0.4444444444444444,16,0.05555555555555555
908,8,0.4090909090909091,10,0.36363636363636365,17,0.13636363636363635
909,9,0.5357142857142857,14,0.2857142857142857,15,0.03571428571428571
911,13,0.5625,19,0.25,16,0.125
912,9,0.38461538461538464,16,0.38461538461538464,10,0.15384615384615385
913,13,0.38461538461538464,1,0.3076923076923077,11,0.23076923076923078
915,17,0.8666666666666667,11,0.06666666666666667,8,0.06666666666666667
917,17,0.7222222222222222,11,0.1111111111111111,8,0.1111111111111111
932,9,0.5714285714285714,6,0.14285714285714285,11,0.07142857142857142
936,0,0.3333333333333333,16,0.3333333333333333,8,0.25
937,0,0.6470588235294118,16,0.23529411764705882,17,0.11764705882352941
939,17,0.7142857142857143,2,0.14285714285714285,15,0.14285714285714285
940,10,0.6111111111111112,0,0.3333333333333333,8,0.05555555555555555
941,14,0.7272727272727273,11,0.09090909090909091,12,0.09090909090909091
942,9,0.3076923076923077,16,0.23076923076923078,10,0.15384615384615385
945,13,0.5625,19,0.4375,-1,0.0
946,16,0.4411764705882353,9,0.20588235294117646,12,0.08823529411764706
949,0,0.8,6,0.13333333333333333,16,0.06666666666666667
98,10,0.46153846153846156,0,0.3076923076923077,16,0.15384615384615385
994,16,0.4782608695652174,0,0.34782608695652173,15,0.13043478260869565
996,10,0.6111111111111112,0,0.3333333333333333,8,0.05555555555555555
